{
	"pattrstorage" : 	{
		"name" : "projection",
		"slots" : 		{
			"1" : 			{
				"id" : 1,
				"data" : 				{
					"live.button" : [ 1.0 ],
					"live.button[1]" : [ 1.0 ],
					"number" : [ 1 ],
					"rslider" : [ 7.945736, 45.155041 ],
					"rslider[1]" : [ 21.317829, 86.240311 ],
					"rslider[2]" : [ 3.488372, 37.209301 ],
					"rslider[3]" : [ 22.480621, 80.038765 ],
					"rslider[4]" : [ 25.350466, 78.855141 ],
					"rslider[5]" : [ 21.538462, 89.42308 ],
					"toggle" : [ 1 ],
					"toggle[1]" : [ 0 ]
				}

			}
,
			"2" : 			{
				"id" : 2,
				"data" : 				{
					"live.button" : [ 1.0 ],
					"live.button[1]" : [ 1.0 ],
					"number" : [ 2 ],
					"rslider" : [ 33.527134, 68.023262 ],
					"rslider[1]" : [ 26.35659, 74.031006 ],
					"rslider[2]" : [ 25.581396, 71.705421 ],
					"rslider[3]" : [ 20.930233, 87.015503 ],
					"rslider[4]" : [ 30.490654, 62.967289 ],
					"rslider[5]" : [ 14.615385, 88.076927 ],
					"toggle" : [ 1 ],
					"toggle[1]" : [ 0 ]
				}

			}
,
			"3" : 			{
				"id" : 3,
				"data" : 				{
					"live.button" : [ 1.0 ],
					"live.button[1]" : [ 1.0 ],
					"number" : [ 3 ],
					"rslider" : [ 56.395348, 100.0 ],
					"rslider[1]" : [ 20.542635, 72.480621 ],
					"rslider[2]" : [ 62.790699, 100.0 ],
					"rslider[3]" : [ 31.976744, 75.193802 ],
					"rslider[4]" : [ 5.841122, 55.841125 ],
					"rslider[5]" : [ 0.0, 89.42308 ],
					"toggle" : [ 1 ],
					"toggle[1]" : [ 0 ]
				}

			}

		}

	}

}
