{
	"pattrstorage" : 	{
		"name" : "cornerpin",
		"slots" : 		{
			"1" : 			{
				"id" : 1,
				"data" : 				{
					"patcher::UR3" : [ 1.0, 0.386667 ],
					"patcher::UL3" : [ 0.66, 0.0 ],
					"patcher::LL3" : [ 0.66, 1.0 ],
					"patcher::LR3" : [ 1.0, 1.0 ],
					"patcher[1]::UR2" : [ 0.66, 0.0 ],
					"patcher[1]::UL2" : [ 0.3275, 0.37 ],
					"patcher[1]::LL2" : [ 0.333, 1.0 ],
					"patcher[1]::LR22" : [ 0.66, 1.0 ],
					"patcher[2]::UR1" : [ 0.3295, 0.37 ],
					"patcher[2]::UL1" : [ 0.0, 0.003333 ],
					"patcher[2]::LL1" : [ 0.0, 1.0 ],
					"patcher[2]::LR1" : [ 0.333, 1.0 ]
				}

			}
,
			"2" : 			{
				"id" : 2,
				"data" : 				{
					"patcher::UR3" : [ 1.0, 0.0 ],
					"patcher::UL3" : [ 0.66, 0.0 ],
					"patcher::LL3" : [ 0.66, 1.0 ],
					"patcher::LR3" : [ 1.0, 1.0 ],
					"patcher[1]::UR2" : [ 0.66, 0.0 ],
					"patcher[1]::UL2" : [ 0.333, 0.0 ],
					"patcher[1]::LL2" : [ 0.333, 1.0 ],
					"patcher[1]::LR22" : [ 0.66, 1.0 ],
					"patcher[2]::UR1" : [ 0.333, 0.0 ],
					"patcher[2]::UL1" : [ 0.0, 0.003333 ],
					"patcher[2]::LL1" : [ 0.0, 1.0 ],
					"patcher[2]::LR1" : [ 0.333, 1.0 ]
				}

			}
,
			"3" : 			{
				"id" : 3,
				"data" : 				{
					"patcher::UR3" : [ 0.312031, 0.06 ],
					"patcher::UL3" : [ 0.045, 0.066667 ],
					"patcher::LL3" : [ 0.0475, 0.396667 ],
					"patcher::LR3" : [ 0.317422, 0.408334 ],
					"patcher[1]::UR2" : [ 0.305, 0.5 ],
					"patcher[1]::UL2" : [ 0.0605, 0.493333 ],
					"patcher[1]::LL2" : [ 0.0605, 0.803333 ],
					"patcher[1]::LR22" : [ 0.31, 0.786667 ],
					"patcher[2]::UR1" : [ 0.8055, 0.113333 ],
					"patcher[2]::UL1" : [ 0.4475, 0.106667 ],
					"patcher[2]::LL1" : [ 0.459375, 0.847778 ],
					"patcher[2]::LR1" : [ 0.838, 0.85 ]
				}

			}

		}

	}

}
